{"stages":[{"name":"01_01","horizonLineHit":{"x":-0.23000000417232514,"y":-6.949999809265137,"z":-5.0},"pfs":[{"pf":{"position":{"x":1.909999966621399,"y":-0.7599999904632568,"z":90.0},"rotation":{"x":0.0,"y":0.0,"z":0.0},"scale":{"x":1.0,"y":1.0,"z":1.0}},"line1":{"position":{"x":-1.4900000095367432,"y":-0.20000000298023225,"z":-10.034698486328125},"rotation":{"x":0.0,"y":0.0,"z":182.30960083007813},"scale":{"x":39.58488845825195,"y":1.0005135536193848,"z":1.0}},"line2":{"position":{"x":-1.6399999856948853,"y":-0.48000001907348635,"z":-10.034698486328125},"rotation":{"x":0.0,"y":0.0,"z":2.095590114593506},"scale":{"x":37.74197006225586,"y":1.0005109310150147,"z":1.0}}}]}]}